"Slug","Title","Prix","Sous Catégorie","description","Cibles","Ordre","Fond gris"
"repas-restaurant","Repas au restaurant","1","complément","","enfant,adulte,famille","4","true"
"location-fauteil-roulant","Fauteuil roulant","1","complément","","enfant,adulte","3","false"
"location-poussette","Poussette","1","complément","","enfant","2","true"
"place-de-parking","Place de Parking","1","complément","","enfant,adulte,famille","1","false"
"bon-cadeau-premier-pas-de-soigneur---enfant","Bon cadeau Premier pas de Soigneur - Enfant","60","bon-cadeau---premiers-pas-de-soigneurs---enfant","","enfant","1","false"
"bon-cadeau-soigneur-d-un-jour---junior","Bon cadeau Soigneur d'un jour - Junior","115","bon-cadeau---soigneur-d-un-jour---junior","","enfant","1","false"
"bon-cadeau-soigneur-d-un-jour---adulte","Bon cadeau Soigneur d'un jour - Adulte","220","bon-cadeau---soigneur-d-un-jour---adulte","","adulte","1","false"
"visite-guidée-entre-coulisses-et-innovations","Visite Guidée : Entre coulisses et innovations","20","premiers-pas-de-soigneurs---enfant","","famille,adulte,enfant","1","false"
"premiers-pas-de-soigneur---enfant","Premiers pas de Soigneur - Enfant","60","premiers-pas-de-soigneurs---enfant","","enfant","1","false"
"soigneur-d-un-jour-famille---adulte","Soigneur d'un Jour Famille - Adulte","170","soigneur-d-un-jour---famille","","adulte","1","false"
"soigneur-d-un-jour-famille---junior","Soigneur d'un Jour Famille - Junior","130","soigneur-d-un-jour---famille","","enfant","2","true"
"soigneur-d-un-jour---junior","Soigneur d'un Jour - Junior","115","soigneur-d-un-jour---junior","","enfant","1","false"
"soigneur-d-un-jour---adulte","Soigneur d'un Jour - Adulte","220","soigneur-d-un-jour---adulte","","adulte","1","false"
"zoopass-premium-famille---3-adultes-(11-)-et-1-enfant-(3-10)","ZooPass Premium Famille - 3 Adultes (11+) et 1 enfant (3-10)","449","zoopass-famille","","famille","2","true"
"zoopass-premium-famille---2-adultes-(11-)-et-2-enfants-(3-10)","ZooPass Premium Famille - 2 Adultes (11+) et 2 enfants (3-10)","434","zoopass-famille","","famille","1","false"
"zoopass-premium-famille---4-adultes-(11-)","ZooPass Premium Famille - 4 Adultes (11+)","464","zoopass-famille","","famille","3","false"
"zoopass-premium-duo---adulte-agé-de-11-ans-et-plus","ZooPass Premium Duo - Adulte Agé de 11 ans et plus ","286","zoopass-premium-duo","","adulte","1","false"
"zoopass-premium---adulte-agé-de-11-ans-et-plus","ZooPass Premium - Adulte Agé de 11 ans et plus","159","zoopass-premium","","adulte","1","false"
"zoopass-premium---adulte-agé-de-11-ans-et-plus---psh","ZooPass Premium - Adulte Agé de 11 ans et plus - PSH","144","zoopass-premium","","adulte","2","true"
"zoopass-classique---adulte-agé-de-11-ans-et-plus","ZooPass Classique - Adulte Agé de 11 ans et plus ","99","zoopass-classique","","adulte","1","false"
"zoopass-classique---enfant-âgé-de-3-ans-à-10-ans-inclus","ZooPass Classique - Enfant âgé de 3 ans à 10 ans inclus","82","zoopass-classique","","enfant","2","true"
"zoopass-classique---adulte-agé-de-11-ans-et-plus---psh","ZooPass Classique - Adulte Agé de 11 ans et plus - PSH","89","zoopass-classique","","adulte","3","false"
"zoopass-classique---enfant-âgé-de-3-ans-à-10-ans-inclus---psh","ZooPass Classique - Enfant âgé de 3 ans à 10 ans inclus - PSH","72","zoopass-classique","","enfant","4","true"
"billet-daté-1-jour---adulte","Billet daté 1 jour - Adulte","39","billet-1-jour","","adulte","1","false"
"billet-daté-1-jour---enfant","Billet daté 1 jour - Enfant","32","billet-1-jour","","enfant","2","true"
"billet-daté-1-jour---adulte-psh","Billet daté 1 jour - Adulte PSH","34","billet-non-daté-1-jour","","adulte","3","false"
"billet-daté-1-jour---enfant-psh","Billet daté 1 jour - Enfant PSH","27","billet-non-daté-1-jour","","enfant","4","true"
"billet-daté-1-jour---bébé","Billet daté 1 jour - Bébé","0","billet-1-jour","","enfant","5","false"
"billet-pass-zen-daté-1-jour","Billet Pass Zen daté 1 jour","15","billet-1-jour","","enfant,adulte","6","true"
"billet-non-daté-1-jour---adulte","Billet non daté 1 jour - Adulte","43","billet-non-daté-1-jour","","adulte","1","false"
"billet-non-daté-1-jour---enfant","Billet non daté 1 jour - Enfant","36","billet-non-daté-1-jour","","enfant","2","true"
"billet-non-daté-1-jour---adulte-psh","Billet non daté 1 jour - Adulte PSH","38","billet-non-daté-1-jour","","adulte","3","true"
"billet-non-daté-1-jour---enfant-psh","Billet non daté 1 jour - Enfant PSH","31","billet-non-daté-1-jour","","enfant","4","false"
"billet-non-daté-1-jour---bébé","Billet non daté 1 jour - Bébé","0","billet-non-daté-1-jour","","enfant","5","true"
"billet-daté-2-jours---adulte","Billet daté 2 jours - Adulte ","70","billet-2-jours","","adulte","1","false"
"billet-daté-2-jours---enfant","Billet daté 2 jours - Enfant","59","billet-2-jours","","enfant","2","true"
"billet-daté-2-jours---adulte-psh","Billet daté 2 jours - Adulte PSH","62","billet-2-jours","","adulte","3","false"
"billet-daté-2-jours---enfant-psh","Billet daté 2 jours - Enfant PSH","51","billet-non-daté-1-jour","","enfant","4","true"
"billet-daté-2-jours---bébé","Billet daté 2 jours - Bébé","0","billet-2-jours","","enfant","5","false"
"billet-non-daté-2-jours---adulte","Billet non daté 2 jours - Adulte","70","billet-non-daté-2-jours","","adulte","1","false"
"billet-non-daté-2-jours---enfant","Billet non daté 2 jours - Enfant","59","billet-non-daté-2-jours","","enfant","2","true"
"billet-non-daté-2-jours---adulte-psh","Billet non daté 2 jours - Adulte PSH","62","billet-non-daté-2-jours","","adulte","3","true"
"billet-non-daté-2-jours---enfant-psh","Billet non daté 2 jours - Enfant PSH","51","billet-non-daté-2-jours","","adulte","4","false"
"billet-non-daté-2-jours---bébé","Billet non daté 2 jours - Bébé","0","billet-non-daté-2-jours","","enfant","5","false"